"stage","scenario","tier","metric","estimate","ci_lo","ci_hi","mc_se","n"
"8.2","I-0","Tier1","type1_omnibus (BH 0.05 calibration)",0.0491216624454602,0.033377297452289,0.0717415780940339,0.00966527027289506,500
"8.2","I-0","Tier2","marker_fdp (pooled)",0.90625,0.757815006642212,0.96759903737368,0.0515269763995036,32
"8.2","I-0","Tier3","signal_count_exact",0,0,0.561506080449018,0,3
"8.2","I-0","Tier3","extra_signal_rate",0.056,0.0390253626150581,0.0797452986403841,0.0102824121683582,500
"8.2","I-1","Tier1","locus_detection",0.858,0.824669670678386,0.885871102453487,0.0156099967969247,500
"8.2","I-1","Tier1","signal_recovery",0.636363636363636,0.589818462058901,0.680488273707716,0.0232251049100577,429
"8.2","I-1","Tier1","attribution_exact",0.951048951048951,0.926328277591422,0.967763233021237,0.0104172668833294,429
"8.2","I-1","Tier1","direction_recovery (pattern)",0.974358974358974,0.954674353359,0.985623436871884,0.0076313003234886,429
"8.2","I-1","Tier1","beta_rmse (effect error)",0.0420626245439153,0.0400576769644081,0.0440675721234225,0.00102293243852409,429
"8.2","I-1","Tier2","marker_fdp (pooled)",0.0712742980561555,0.0511981468166157,0.0984063442998572,0.011956930673424,463
"8.2","I-1","Tier3","signal_count_exact",0.948717948717949,0.923577384598293,0.965893498052543,0.0106493378870269,429
"8.2","I-1","Tier3","extra_signal_rate",0.0546666666666667,0.0379237392533557,0.0782005876515022,0.0101664371558794,500
"8.2","I-2","Tier1","locus_detection",0.872,0.839853671773803,0.898473612039205,0.0149409504383088,500
"8.2","I-2","Tier1","signal_recovery",0,0,0.00873405335011513,0,436
"8.2","I-2","Tier1","secondary_recovery (evaluator)",0.83,0.794587606259303,0.860380145510301,0.016798809481627,500
"8.2","I-2","Tier1","full_recovery (strict matching)",0.778,0.739529475664778,0.81223123643204,0.0185858010319706,500
"8.2","I-2","Tier1","secondary_recovery (strict matching)",0.778,0.739529475664778,0.81223123643204,0.0185858010319706,500
"8.2","I-2","Tier1","attribution_exact",0.814220183486238,0.775024508332603,0.847927026947371,0.0186263153768549,436
"8.2","I-2","Tier1","direction_recovery (pattern)",0.819954128440367,0.781142804293746,0.853176459732212,0.0184010716988185,436
"8.2","I-2","Tier1","beta_rmse (effect error)",0.0612091089916512,0.0587024937636146,0.0637157242196879,0.00127888532042687,436
"8.2","I-2","Tier2","marker_fdp (pooled)",0.0506039830231799,0.0453912401068853,0.0563800030521549,0.0028004482852447,6126
"8.2","I-2","Tier3","signal_count_exact",0.649082568807339,0.603158852196092,0.692402095199516,0.0228564721766492,436
"8.2","I-2","Tier3","extra_signal_rate",0.228331746031746,0.193691798634608,0.267114427035813,0.0187721261334906,500
"8.3","A1","Tier1","attribution_exact (CondPED)",0.94,0.915638421693755,0.95765191399905,0.0106207344378814,500
"8.3","A1","Tier1","direction_recovery (pattern)",0.94,0.915638421693755,0.95765191399905,0.0106207344378814,500
"8.3","A1","Tier1","rho_MAE",0.0088956575350085,0.00468120325001718,0.0131101118199998,0.00215023177805679,498
"8.3","A1","Tier1","rep_cardinality_recovery",0.018,0.00949808505175685,0.033852047212034,0.005945754788082,500
"8.3","A1","Tier1","rep_exact_family_recovery",0.018,0.00949808505175685,0.033852047212034,0.005945754788082,500
"8.3","A1","Tier1","irr_recovery",0.018,0.00949808505175685,0.033852047212034,0.005945754788082,500
"8.3","A2","Tier1","attribution_exact (CondPED)",0.926,0.899664698889173,0.945839126122497,0.0117067501895274,500
"8.3","A2","Tier1","direction_recovery (pattern)",0.95,0.927231349973169,0.965906493349018,0.00974679434480897,500
"8.3","A2","Tier1","rho_MAE",0.0559894938392267,0.0516457024902191,0.0603332851882343,0.00221622007602427,500
"8.3","A2","Tier1","rep_cardinality_recovery",0.638,0.594970921902238,0.678924683383233,0.0214921380974532,500
"8.3","A2","Tier1","rep_exact_family_recovery",0.614,0.57061231973477,0.655649267240184,0.0217717247823869,500
"8.3","A2","Tier1","irr_recovery",0.614,0.57061231973477,0.655649267240184,0.0217717247823869,500
"8.3","A3","Tier1","attribution_exact (CondPED)",0.926,0.899664698889173,0.945839126122497,0.0117067501895274,500
"8.3","A3","Tier1","direction_recovery (pattern)",0.926,0.899664698889173,0.945839126122497,0.0117067501895274,500
"8.3","A3","Tier1","rho_MAE",0.0326843658842973,0.0287036631896198,0.0366650685789748,0.00203097076259057,500
"8.3","A3","Tier1","rep_cardinality_recovery",0.986,0.971386573859749,0.993202296928213,0.00525433154644813,500
"8.3","A3","Tier1","rep_exact_family_recovery",0.986,0.971386573859749,0.993202296928213,0.00525433154644813,500
"8.3","A3","Tier1","irr_recovery",0.986,0.971386573859749,0.993202296928213,0.00525433154644813,500
"8.3","A4","Tier1","attribution_exact (CondPED)",0.784,0.7458363816927,0.817832834981748,0.0184034779321736,500
"8.3","A4","Tier1","direction_recovery (pattern)",1,0.992375381469096,1,0,500
"8.3","A4","Tier1","rho_MAE",0.0613127620966765,0.0587646722302787,0.0638608519630743,0.00130004585020297,500
"8.3","A4","Tier1","rep_cardinality_recovery",0.776,0.737429591400892,0.810361619170049,0.0186453211289052,500
"8.3","A4","Tier1","rep_exact_family_recovery",0.428,0.3853409873798,0.47175695768865,0.022127629787214,500
"8.3","A4","Tier1","irr_recovery",0.082,0.0610187573249411,0.109355423766894,0.0122699633251286,500
"8.3","R1","Tier1","attribution_exact (CondPED)",1,0.992375381469096,1,0,500
"8.3","R1","Tier1","direction_recovery (pattern)",0.838,0.803147047944046,0.867698709929063,0.016477621187538,500
"8.3","R1","Tier1","rho_MAE",0.0347219218324121,0.0330859859454759,0.0363578577193483,0.000834661166804169,500
"8.3","R1","Tier1","rep_cardinality_recovery",0.722,0.68115062327017,0.759464046102109,0.0200357680162254,500
"8.3","R1","Tier1","rep_exact_family_recovery",0.722,0.68115062327017,0.759464046102109,0.0200357680162254,500
"8.3","R1","Tier1","irr_recovery",0.722,0.68115062327017,0.759464046102109,0.0200357680162254,500
"8.3","R3","Tier1","attribution_exact (CondPED)",1,0.992375381469096,1,0,500
"8.3","R3","Tier1","direction_recovery (pattern)",1,0.992375381469096,1,0,500
"8.3","R3","Tier1","rho_MAE",0.055218870657689,0.0532298459739953,0.0572078953413826,0.0010148085120886,500
"8.3","R3","Tier1","rep_cardinality_recovery",0.994,0.982509436189106,0.997957440702361,0.00345369367489359,500
"8.3","R3","Tier1","rep_exact_family_recovery",0.994,0.982509436189106,0.997957440702361,0.00345369367489359,500
"8.3","R3","Tier1","irr_recovery",0.994,0.982509436189106,0.997957440702361,0.00345369367489359,500
"8.3","A1","Tier1","attribution_jaccard (CondPED)",0.966833333333333,0.954962971089509,0.978703695577157,0.00605630726725708,500
"8.3","A2","Tier1","attribution_jaccard (CondPED)",0.9685,0.958444963833749,0.978555036166251,0.00513012049298504,500
"8.3","A3","Tier1","attribution_jaccard (CondPED)",0.971666666666667,0.962686532724947,0.980646800608386,0.00458170099067321,500
"8.3","A4","Tier1","attribution_jaccard (CondPED)",0.9375,0.926412305291545,0.948587694708455,0.00565698709615039,500
"8.4","E1","Tier1","locus_detection",0.994,0.982509436189106,0.997957440702361,0.00345369367489359,500
"8.4","E1","Tier1","attribution_exact",0.458752515090543,0.415426913688257,0.502710876782822,0.0223516187139115,497
"8.4","E1","Tier1","direction_recovery (pattern)",0.995975855130785,0.985447390715399,0.998895762888455,0.00283976900160358,497
"8.4","E1","Tier1","rho_MAE",0.0355942830117969,0.0338778845745634,0.0373106814490304,0.000875713488384432,497
"8.4","E1","Tier1","rep_exact_family_recovery",0.85513078470825,0.821461204129968,0.883352453521473,0.0157879640982366,497
"8.4","E1","Tier1","beta_rmse (effect error)",0.0450942876948285,0.0433246363506935,0.0468639390389634,0.000902883338844366,497
"8.4","E1","Tier3","lead_breadth_inflation_rate (descriptive)",0,0,0.00767028936893421,0,497
"8.4","E1","Tier3","pseudo_multitrait_rate (descriptive)",0,0,0.00767028936893421,0,497
"8.4","E2","Tier1","locus_detection",1,0.992375381469096,1,0,500
"8.4","E2","Tier1","attribution_exact",0.58,0.536288648441107,0.622491412593948,0.0220726074581142,500
"8.4","E2","Tier1","direction_recovery (pattern)",0.858,0.824669670678386,0.885871102453487,0.0156099967969247,500
"8.4","E2","Tier1","rho_MAE",0.123434819703605,0.11255534473375,0.13431429467346,0.00555075253564026,500
"8.4","E2","Tier1","rep_exact_family_recovery",0.578,0.534276169564903,0.620534389944276,0.0220869192057199,500
"8.4","E2","Tier1","beta_rmse (effect error)",0.0439568866711294,0.042028990795775,0.0458847825464838,0.000983620344568577,500
"8.4","E2","Tier3","lead_breadth_inflation_rate (descriptive)",0,0,0.00762461853090336,0,500
"8.4","E2","Tier3","pseudo_multitrait_rate (descriptive)",0.006,0.00204255929763891,0.0174905638108936,0.00345369367489359,500
"8.4","E3","Tier1","locus_detection",0.874,0.842031642241812,0.900265143097072,0.0148407546977908,500
"8.4","E3","Tier1","attribution_exact",0.805491990846682,0.765784110388992,0.839875609564842,0.0189347091801213,437
"8.4","E3","Tier1","direction_recovery (pattern)",0.808924485125858,0.769433399954334,0.843031485392239,0.0188068383352626,437
"8.4","E3","Tier1","rho_MAE",0.0141898212052816,0.0103930029583706,0.0179866394521925,0.0019371521667913,437
"8.4","E3","Tier1","rep_exact_family_recovery",0.100686498855835,0.0758612336032479,0.1324711923747,0.0143946284002952,437
"8.4","E3","Tier1","beta_rmse (effect error)",0.0624291871632702,0.0597171384744818,0.0651412358520586,0.00138369831060633,437
"8.4","E3","Tier3","lead_breadth_inflation_rate (descriptive)",0.105022831050228,0.0796643035578729,0.1372496312097,0.0146490946007585,438
"8.4","E3","Tier3","pseudo_multitrait_rate (descriptive)",0.0787671232876712,0.0570462296167492,0.107812851103581,0.0128712329752385,438
